timestamp,reqNum
1541550717,2
1541550718,123
1541550719,241
1541550720,265
1541550721,230
1541550722,243
1541550723,271
1541550724,223
1541550725,289
1541550726,263
1541550727,266
1541550728,288
1541550729,260
1541550730,271
1541550731,251
1541550732,235
1541550733,265
1541550734,261
1541550735,281
1541550736,241
1541550737,230
1541550738,163
1541550739,285
1541550740,210
1541550741,266
1541550742,274
1541550743,259
1541550744,246
1541550745,241
1541550746,198
1541550747,272
1541550748,275
1541550749,224
1541550750,170
1541550751,285
1541550752,227
1541550753,217
1541550754,147
1541550755,34
1541550756,874
1541550757,1119
1541550758,1170
1541550759,1093
1541550760,1285
1541550761,1302
1541550762,1166
1541550763,1219
1541550764,1226
1541550765,1286
1541550766,1192
1541550767,725
1541550768,425
1541550769,26
