timestamp,reqNum
1541403833,66
1541403834,133
1541403835,127
1541403836,133
1541403837,135
1541403838,124
1541403839,132
1541403840,137
1541403841,140
1541403842,137
1541403843,138
1541403844,142
1541403845,134
1541403846,137
1541403847,59
1541403848,39
1541403849,33
1541403850,31
1541403851,127
1541403852,141
1541403853,135
1541403854,143
1541403855,143
1541403856,141
1541403857,142
1541403858,143
1541403859,140
1541403860,146
1541403861,145
1541403862,144
1541403863,143
1541403864,144
1541403865,144
1541403866,142
1541403867,136
1541403868,120
1541403869,629
1541403870,765
1541403871,768
1541403872,682
1541403873,756
1541403874,754
1541403875,740
1541403876,747
1541403877,762
1541403878,701
1541403879,758
1541403880,710
1541403881,731
1541403882,728
1541403883,748
1541403884,740
1541403885,743
1541403886,744
1541403887,718
1541403888,749
1541403889,750
1541403890,690
1541403891,754
1541403892,663
1541403893,684
1541403894,685
1541403895,713
1541403896,662
1541403897,628
1541403898,668
1541403899,737
1541403900,740
1541403901,730
1541403902,731
1541403903,625
1541403904,667
1541403905,677
1541403906,710
1541403907,49