StartTime,EndTime,Latency,Success,RequestType,Content
1541133011075,1541133011891,816,true,POST,/9555/1/0/1141
1541133011084,1541133011891,807,true,POST,/85690/1/0/1539
1541133011075,1541133011891,816,true,POST,/94093/1/0/533
1541133011908,1541133012011,103,true,POST,/14243/1/3/1853
1541133011909,1541133012000,91,true,POST,/4065/1/3/4564
1541133011936,1541133012017,81,true,POST,/80157/1/3/1590
1541133011908,1541133012015,107,true,POST,/78516/1/3/1374
1541133011940,1541133012014,74,true,POST,/80393/1/3/1063
1541133011994,1541133012034,40,true,POST,/78878/1/3/1369
1541133011980,1541133012075,95,true,POST,/63561/1/3/3469
1541133011972,1541133012011,39,true,POST,/29334/1/3/2631
1541133011969,1541133012015,46,true,POST,/2049/1/3/1156
1541133011968,1541133012005,37,true,POST,/56063/1/3/1050
1541133011953,1541133012025,72,true,POST,/48381/1/3/3800
1541133011953,1541133011998,45,true,POST,/95410/1/3/4308
1541133011969,1541133012008,39,true,POST,/64957/1/3/4107
1541133011994,1541133012040,46,true,POST,/70906/1/3/2015
1541133011994,1541133012036,42,true,POST,/75854/1/3/825
1541133011982,1541133012071,89,true,POST,/75282/1/3/1813
1541133012099,1541133012243,144,true,POST,/18683/1/8/2549
1541133012094,1541133012290,196,true,POST,/48366/1/8/2793
1541133012090,1541133012313,223,true,POST,/59174/1/8/192
1541133012091,1541133012292,201,true,POST,/62305/1/8/2266
1541133012101,1541133012308,207,true,POST,/22136/1/8/2012
1541133012103,1541133012296,193,true,POST,/74998/1/8/850
1541133012112,1541133012288,176,true,POST,/65740/1/8/4659
1541133012112,1541133012302,190,true,POST,/98439/1/8/811
1541133012114,1541133012309,195,true,POST,/14343/1/8/1731
1541133012113,1541133012311,198,true,POST,/20535/1/8/1609
1541133012125,1541133012296,171,true,POST,/76026/1/8/3949
1541133012121,1541133012280,159,true,POST,/72355/1/8/661
1541133012123,1541133012277,154,true,POST,/40678/1/8/1052
1541133012127,1541133012287,160,true,POST,/692/1/8/4699
1541133012160,1541133012271,111,true,POST,/2116/1/8/4185
1541133012160,1541133012270,110,true,POST,/17376/1/8/4501
1541133012206,1541133012285,79,true,POST,/95267/1/8/1147
1541133012170,1541133012280,110,true,POST,/73503/1/8/3530
1541133012174,1541133012275,101,true,POST,/34266/1/8/2391
1541133012169,1541133012221,52,true,POST,/59584/1/8/2904
1541133012171,1541133012307,136,true,POST,/21548/1/8/2491
1541133012173,1541133012267,94,true,POST,/16313/1/8/4822
1541133012178,1541133012267,89,true,POST,/16418/1/8/3262
1541133012179,1541133012266,87,true,POST,/26604/1/8/3896
1541133012182,1541133012258,76,true,POST,/80999/1/8/3195
1541133012183,1541133012262,79,true,POST,/64697/1/8/4825
1541133012191,1541133012238,47,true,POST,/35510/1/8/2127
1541133012187,1541133012264,77,true,POST,/39124/1/8/2117
1541133012188,1541133012255,67,true,POST,/83542/1/8/863
1541133012191,1541133012231,40,true,POST,/40355/1/8/956
1541133012196,1541133012302,106,true,POST,/34518/1/8/1445
1541133012197,1541133012234,37,true,POST,/8391/1/8/1201
1541133012323,1541133012360,37,true,POST,/63639/1/19/3162
1541133012322,1541133012365,43,true,POST,/64884/1/19/3841
1541133012322,1541133012359,37,true,POST,/57817/1/19/3181
1541133012323,1541133012367,44,true,POST,/14616/1/19/3066
1541133012330,1541133012371,41,true,POST,/94498/1/19/2664
1541133012333,1541133012376,43,true,POST,/11738/1/19/4927
1541133012337,1541133012374,37,true,POST,/17258/1/19/2025
1541133012340,1541133012375,35,true,POST,/33323/1/19/838
